{
  "project_info": {
    "project_number": "867208569506",
    "project_id": "greenherbalhabitat",
    "storage_bucket": "greenherbalhabitat.appspot.com"
  },
  "client": [
    {
      "client_info": {
        "mobilesdk_app_id": "1:867208569506:android:376ae6e244253cc43c2dfb",
        "android_client_info": {
          "package_name": "com.example.greenherbalhabitat"
        }
      },
      "oauth_client": [],
      "api_key": [
        {
          "current_key": "AIzaSyAJSzHCKqfjyKRTGwvb_KoSdcF9iO_S0Dc"
        }
      ],
      "services": {
        "appinvite_service": {
          "other_platform_oauth_client": []
        }
      }
    }
  ],
  "configuration_version": "1"
}